{
  "a": 0.023124680745198495,
  "b": 0.5000000000000009,
  "c": 2.399551262983233
}