{
  "train_r2": 0.9916619546594192,
  "test_r2": 0.9918131003505081,
  "train_rmse": 1.3298561725933296,
  "test_rmse": 1.0719027748059957,
  "train_mae": 0.9615038972803065,
  "test_mae": 0.897501645790903
}